Nama Parfum,Brand atau Produsen,Jenis,Kategori Aroma,Top Notes,Middle Notes,Base Notes,Kekuatan Aroma,Daya Tahan,Musim atau Cuaca,Harga,Ukuran Botol
Flowerbomb,Viktor & Rolf,EDP,Floral,Bergamot,Jasmine,Patchouli,Kuat,Lama,Musim Semi,Rp1.500.000,50ml
Bleu de Chanel,Chanel,EDT,Woody Aromatic,Citrus,Incense,Sandalwood,Sedang,Sedang,Semua Musim,Rp1.800.000,100ml
Light Blue,Dolce & Gabbana,EDT,Citrus Aromatic,Lemon,Apple,Musk,Ringan,Pendek,Musim Panas,Rp1.200.000,50ml
Black Orchid,Tom Ford,EDP,Oriental Floral,Black Truffle,Orchid,Patchouli,Sangat Kuat,Sangat Lama,Musim Dingin,Rp2.500.000,50ml
La Vie Est Belle,Lancôme,EDP,Gourmand,Iris,Jasmine,Praline,Kuat,Lama,Musim Gugur,Rp1.700.000,75ml
Acqua di Gio,Giorgio Armani,EDT,Aquatic,Marine Notes,Rosemary,Patchouli,Sedang,Sedang,Musim Panas,Rp1.400.000,100ml
J'adore,Dior,EDP,Floral Fruity,Pear,Jasmine,Vanilla,Kuat,Lama,Musim Semi,Rp2.000.000,50ml
Aventus,Creed,EDP,Fruity Chypre,Pineapple,Birch,Musk,Sangat Kuat,Sangat Lama,Semua Musim,Rp5.000.000,100ml
CK One,Calvin Klein,EDT,Citrus Aromatic,Pineapple,Jasmine,Musk,Ringan,Pendek,Musim Panas,Rp800.000,200ml
Angel,Mugler,EDP,Oriental Vanilla,Bergamot,Red Berries,Patchouli,Sangat Kuat,Sangat Lama,Musim Dingin,Rp2.200.000,50ml
Sauvage,Dior,EDT,Aromatic Fougere,Bergamot,Pepper,Ambroxan,Kuat,Lama,Semua Musim,Rp1.600.000,100ml
Chanel No. 5,Chanel,EDP,Aldehyde Floral,Aldehydes,Rose,Vanilla,Kuat,Lama,Semua Musim,Rp2.300.000,50ml
1 Million,Paco Rabanne,EDT,Spicy Leather,Grapefruit,Cinnamon,Leather,Kuat,Lama,Musim Dingin,Rp1.300.000,100ml
Shalimar,Guerlain,EDP,Oriental Vanilla,Bergamot,Iris,Vanilla,Sangat Kuat,Sangat Lama,Musim Dingin,Rp1.900.000,50ml
L'Homme,Yves Saint Laurent,EDT,Woody Spicy,Ginger,Cedar,Tonka Bean,Sedang,Sedang,Musim Gugur,Rp1.500.000,100ml
Euphoria,Calvin Klein,EDP,Oriental Floral,Pomegranate,Lotus,Mahogany,Kuat,Lama,Musim Gugur,Rp1.400.000,50ml
Terre d'Hermès,Hermès,EDT,Woody Spicy,Orange,Pepper,Benzoin,Kuat,Lama,Semua Musim,Rp2.000.000,100ml
Good Girl,Carolina Herrera,EDP,Oriental Floral,Almond,Tuberose,Cocoa,Kuat,Lama,Malam Hari,Rp1.800.000,50ml
Invictus,Paco Rabanne,EDT,Aquatic Woody,Grapefruit,Bay Leaf,Guaiac Wood,Kuat,Lama,Musim Panas,Rp1.400.000,100ml
Coco Mademoiselle,Chanel,EDP,Chypre Fruity,Orange,Rose,Patchouli,Kuat,Lama,Semua Musim,Rp2.200.000,50ml
The One,Dolce & Gabbana,EDP,Oriental Floral,Peach,Plum,Vanilla,Kuat,Lama,Malam Hari,Rp1.700.000,75ml
Eros,Versace,EDT,Aromatic Fougere,Mint,Apple,Vanilla,Kuat,Lama,Musim Dingin,Rp1.500.000,100ml
Mon Guerlain,Guerlain,EDP,Oriental Woody,Lavender,Jasmine,Vanilla,Kuat,Lama,Semua Musim,Rp1.800.000,50ml
La Nuit de L'Homme,Yves Saint Laurent,EDT,Oriental Spicy,Cardamom,Lavender,Cedar,Sedang,Sedang,Malam Hari,Rp1.600.000,100ml
Alien,Mugler,EDP,Oriental Woody,Jasmine,Cashmeran,Amber,Sangat Kuat,Sangat Lama,Malam Hari,Rp2.100.000,60ml
Le Male,Jean Paul Gaultier,EDT,Oriental Fougere,Mint,Lavender,Vanilla,Kuat,Lama,Semua Musim,Rp1.400.000,125ml
Miss Dior,Dior,EDP,Chypre Fruity,Bergamot,Rose,Patchouli,Kuat,Lama,Musim Semi,Rp2.000.000,50ml
Acqua di Parma Colonia,Acqua di Parma,EDC,Citrus Aromatic,Lemon,Lavender,Sandalwood,Sedang,Pendek,Musim Panas,Rp1.800.000,100ml
Opium,Yves Saint Laurent,EDP,Oriental Spicy,Mandarin,Jasmine,Vanilla,Sangat Kuat,Sangat Lama,Musim Dingin,Rp1.900.000,50ml
Cool Water,Davidoff,EDT,Aquatic Aromatic,Sea Water,Lavender,Musk,Sedang,Sedang,Musim Panas,Rp800.000,125ml
Poison,Dior,EDT,Oriental Floral,Plum,Tuberose,Opoponax,Sangat Kuat,Sangat Lama,Malam Hari,Rp1.700.000,50ml
L'Eau d'Issey,Issey Miyake,EDT,Aquatic Floral,Lotus,Freesia,Musk,Sedang,Sedang,Musim Panas,Rp1.300.000,100ml
Guilty,Gucci,EDT,Oriental Floral,Pink Pepper,Lilac,Patchouli,Kuat,Lama,Semua Musim,Rp1.600.000,75ml
Eternity,Calvin Klein,EDP,Floral Green,Freesia,Sage,Sandalwood,Sedang,Sedang,Musim Semi,Rp1.200.000,100ml
212,Carolina Herrera,EDT,Floral Woody Musk,Bergamot,Gardenia,Sandalwood,Sedang,Sedang,Semua Musim,Rp1.400.000,60ml
Obsession,Calvin Klein,EDP,Oriental Spicy,Vanilla,Basil,Amber,Kuat,Lama,Musim Dingin,Rp1.300.000,100ml
Burberry Brit,Burberry,EDP,Oriental Gourmand,Lime,Peony,Vanilla,Sedang,Sedang,Musim Gugur,Rp1.500.000,50ml
Armani Code,Giorgio Armani,EDT,Oriental Spicy,Bergamot,Olive Blossom,Tonka Bean,Kuat,Lama,Malam Hari,Rp1.700.000,75ml
Bright Crystal,Versace,EDT,Floral Aquatic,Yuzu,Magnolia,Musk,Sedang,Sedang,Musim Panas,Rp1.400.000,90ml
Fahrenheit,Dior,EDT,Leather Woody,Violet Leaf,Nutmeg,Leather,Kuat,Lama,Musim Dingin,Rp1.600.000,100ml
Hypnotic Poison,Dior,EDT,Oriental Vanilla,Bitter Almond,Jasmine,Vanilla,Kuat,Lama,Musim Dingin,Rp1.800.000,50ml
Boss Bottled,Hugo Boss,EDT,Woody Spicy,Apple,Cinnamon,Sandalwood,Sedang,Sedang,Semua Musim,Rp1.300.000,100ml
Daisy,Marc Jacobs,EDT,Floral Woody,Strawberry,Violet,Musk,Ringan,Pendek,Musim Semi,Rp1.200.000,50ml
Polo Blue,Ralph Lauren,EDT,Aromatic Aquatic,Melon,Basil,Suede,Sedang,Sedang,Musim Panas,Rp1.400.000,125ml
Narciso Rodriguez for Her,Narciso Rodriguez,EDT,Floral Woody Musk,Peach,Rose,Musk,Kuat,Lama,Semua Musim,Rp1.700.000,50ml
Acqua di Gioia,Giorgio Armani,EDP,Aquatic Floral,Mint,Jasmine,Cedar,Sedang,Sedang,Musim Panas,Rp1.500.000,50ml
Dior Homme,Dior,EDT,Woody Floral Musk,Iris,Lavender,Cocoa,Sedang,Sedang,Semua Musim,Rp1.800.000,100ml
Olympéa,Paco Rabanne,EDP,Oriental Floral,Green Mandarin,Ginger Flower,Vanilla,Kuat,Lama,Semua Musim,Rp1.600.000,50ml
Spicebomb,Viktor & Rolf,EDT,Oriental Spicy,Bergamot,Cinnamon,Tobacco,Kuat,Lama,Musim Dingin,Rp1.700.000,90ml
Chloe,Chloe,EDP,Floral,Peony,Rose,Cedar,Kuat,Lama,Musim Semi,Rp1.800.000,75ml
Oud Wood,Tom Ford,EDP,Woody Oriental,Rosewood,Cardamom,Oud,Sangat Kuat,Sangat Lama,Musim Dingin,Rp3.500.000,50ml
Bamboo,Gucci,EDP,Floral Woody,Bergamot,Ylang-Ylang,Sandalwood,Sedang,Sedang,Musim Semi,Rp1.600.000,75ml
Eros Flame,Versace,EDP,Oriental Woody,Lemon,Rosemary,Vanilla,Kuat,Lama,Musim Dingin,Rp1.700.000,100ml
Libre,Yves Saint Laurent,EDP,Floral Oriental,Lavender,Orange Blossom,Vanilla,Kuat,Lama,Semua Musim,Rp2.000.000,50ml
Acqua di Gio Profumo,Giorgio Armani,EDP,Aquatic Aromatic,Marine Notes,Incense,Patchouli,Kuat,Lama,Semua Musim,Rp2.200.000,75ml
My Burberry,Burberry,EDP,Floral,Sweet Pea,Geranium,Patchouli,Kuat,Lama,Musim Semi,Rp1.900.000,90ml
Invictus Legend,Paco Rabanne,EDP,Aquatic Woody,Grapefruit,Bay Leaf,Guaiac Wood,Kuat,Lama,Musim Panas,Rp1.600.000,100ml
Bloom,Gucci,EDP,Floral,Rangoon Creeper,Tuberose,Jasmine,Kuat,Lama,Musim Semi,Rp2.100.000,50ml
The Scent,Hugo Boss,EDT,Oriental Fruity,Ginger,Lavender,Leather,Sedang,Sedang,Semua Musim,Rp1.500.000,100ml
Idôle,Lancôme,EDP,Floral Chypre,Pear,Rose,Vanilla,Kuat,Lama,Semua Musim,Rp1.800.000,50ml
Ombré Leather,Tom Ford,EDP,Leather,Cardamom,Jasmine,Leather,Kuat,Lama,Musim Dingin,Rp2.800.000,100ml
Pure XS,Paco Rabanne,EDT,Oriental Spicy,Thyme,Cinnamon,Vanilla,Kuat,Lama,Malam Hari,Rp1.500.000,100ml
Gabrielle,Chanel,EDP,Floral,Grapefruit,Tuberose,Sandalwood,Kuat,Lama,Semua Musim,Rp2.400.000,50ml
Y,Yves Saint Laurent,EDT,Aromatic Fougere,Bergamot,Sage,Cedar,Kuat,Lama,Semua Musim,Rp1.700.000,100ml
Nomade,Chloé,EDP,Chypre Fruity,Mirabelle,Freesia,Oak Moss,Sedang,Sedang,Musim Gugur,Rp1.800.000,75ml
Stronger With You,Emporio Armani,EDT,Oriental Spicy,Cardamom,Sage,Vanilla,Kuat,Lama,Musim Dingin,Rp1.600.000,100ml
Mon Paris,Yves Saint Laurent,EDP,Fruity Chypre,Strawberry,Peony,Patchouli,Kuat,Lama,Semua Musim,Rp1.900.000,90ml
L'Interdit,Givenchy,EDP,Floral Woody,Orange Blossom,Tuberose,Patchouli,Kuat,Lama,Malam Hari,Rp2.000.000,50ml
Acqua di Gio Profondo,Giorgio Armani,EDP,Aquatic Aromatic,Marine Notes,Incense,Amber,Kuat,Lama,Musim Panas,Rp2.100.000,75ml
Good Girl Légère,Carolina Herrera,EDP,Oriental Floral,Ylang-Ylang,Tuberose,Dulce de Leche,Sedang,Sedang,Musim Semi,Rp1.700.000,50ml
Sauvage Parfum,Dior,Parfum,Aromatic Spicy,Bergamot,Star Anise,Vanilla,Sangat Kuat,Sangat Lama,Semua Musim,Rp2.500.000,100ml
La Vie Est Belle Intensément,Lancôme,EDP,Gourmand Floral,Pink Pepper,Orange Blossom,Vanilla,Sangat Kuat,Sangat Lama,Musim Dingin,Rp2.200.000,50ml
Bleu de Chanel Parfum,Chanel,Parfum,Woody Aromatic,Lemon,Lavender,Sandalwood,Kuat,Lama,Semua Musim,Rp2.600.000,100ml
Gucci Guilty Absolute,Gucci,EDP,Leather Woody,Leather,Cypress,Patchouli,Kuat,Lama,Musim Dingin,Rp2.000.000,90ml
Flowerbomb Nectar,Viktor & Rolf,EDP,Oriental Floral,Bergamot,Orange Blossom,Vanilla,Sangat Kuat,Sangat Lama,Malam Hari,Rp2.300.000,50ml
Eros Flame 2,Versace,EDP,Woody Spicy,Mandarin,Rosemary,Tonka Bean,Kuat,Lama,Musim Dingin,Rp1.800.000,100ml
Bright Crystal Absolu,Versace,EDP,Floral Fruity,Yuzu,Magnolia,Musk,Kuat,Lama,Musim Panas,Rp1.900.000,90ml
La Nuit Trésor,Lancôme,EDP,Oriental Gourmand,Pear,Vanilla Orchid,Patchouli,Kuat,Lama,Malam Hari,Rp2.100.000,75ml
Acqua di Parma Oud,Acqua di Parma,EDP,Woody Spicy,Bergamot,Coriander,Oud,Sangat Kuat,Sangat Lama,Musim Dingin,Rp3.000.000,100ml
Olympéa Intense,Paco Rabanne,EDP,Oriental Floral,Orange Blossom,Cedar,Vanilla,Sangat Kuat,Sangat Lama,Malam Hari,Rp1.900.000,80ml
Terre d'Hermès Eau Intense Vétiver,Hermès,EDP,Woody Spicy,Orange,Sichuan Pepper,Vetiver,Kuat,Lama,Musim Gugur,Rp2.200.000,100ml
Black Opium Nuit Blanche,Yves Saint Laurent,EDP,Coffee Floral,White Coffee,Orange Blossom,Vanilla,Kuat,Lama,Malam Hari,Rp2.000.000,50ml
Armani Code Absolu,Giorgio Armani,EDP,Oriental Spicy,Green Mandarin,Orange Blossom,Tonka Bean,Kuat,Lama,Malam Hari,Rp2.100.000,110ml
Miss Dior Blooming Bouquet,Dior,EDT,Floral,Peony,Rose,White Musk,Sedang,Sedang,Musim Semi,Rp1.800.000,100ml
Oud Wood Intense,Tom Ford,EDP,Woody Oriental,Angelica,Cypress,Oud,Sangat Kuat,Sangat Lama,Musim Dingin,Rp4.000.000,50ml
L'Homme Idéal,Guerlain,EDP,Oriental Woody,Bergamot,Almond,Leather,Kuat,Lama,Semua Musim,Rp1.900.000,100ml
Alien Fusion,Mugler,EDP,Oriental Spicy,Ginger,Cinnamon,White Amber,Sangat Kuat,Sangat Lama,Malam Hari,Rp2.200.000,60ml
Acqua di Giò Absolu,Giorgio Armani,EDP,Woody Aquatic,Marine Notes,Patchouli,Incense,Kuat,Lama,Musim Panas,Rp2.000.000,75ml
Burberry Her,Burberry,EDP,Fruity Floral,Strawberry,Violet,Musk,Kuat,Lama,Musim Semi,Rp1.800.000,100ml
1 Million Privé,Paco Rabanne,EDP,Oriental Woody,Cinnamon,Tobacco,Myrrh,Kuat,Lama,Musim Dingin,Rp1.700.000,100ml
Chanel Gabrielle Essence,Chanel,EDP,Floral,Jasmine,Ylang-Ylang,Sandalwood,Kuat,Lama,Semua Musim,Rp2.500.000,50ml
Boss The Scent Private Accord,Hugo Boss,EDP,Oriental Fruity,Coffee,Cocoa,Vanilla,Kuat,Lama,Malam Hari,Rp1.800.000,100ml
Libre Intense,Yves Saint Laurent,EDP,Floral Oriental,Lavender,Orange Blossom,Vanilla,Sangat Kuat,Sangat Lama,Semua Musim,Rp2.200.000,50ml
Spicebomb Extreme,Viktor & Rolf,EDP,Oriental Spicy,Black Pepper,Lavender,Tobacco,Sangat Kuat,Sangat Lama,Musim Dingin,Rp2.000.000,90ml
My Way,Giorgio Armani,EDP,Floral,Orange Blossom,Tuberose,Vanilla,Kuat,Lama,Semua Musim,Rp2.100.000,90ml
Twilly d'Hermès,Hermès,EDP,Floral Spicy,Ginger,Tuberose,Sandalwood,Sedang,Sedang,Musim Semi,Rp2.000.000,85ml
Ombré Leather Parfum,Tom Ford,Parfum,Leather,Violet Leaf,Jasmine,Leather,Sangat Kuat,Sangat Lama,Musim Dingin,Rp3.200.000,100ml
Invictus Victory,Paco Rabanne,EDP,Oriental Woody,Lemon,Lavender,Amber,Kuat,Lama,Semua Musim,Rp1.800.000,100ml
Gucci Flora Gorgeous Gardenia,Gucci,EDP,Floral Fruity,Pear,Gardenia,Patchouli,Kuat,Lama,Musim Semi,Rp2.000.000,100ml
Dior Joy,Dior,EDP,Floral Woody,Bergamot,Rose,Sandalwood,Kuat,Lama,Musim Semi,Rp2.300.000,90ml
Le Male Le Parfum,Jean Paul Gaultier,EDP,Oriental Fougere,Cardamom,Lavender,Vanilla,Sangat Kuat,Sangat Lama,Malam Hari,Rp1.900.000,125ml
Idôle L'Intense,Lancôme,EDP,Floral Chypre,Bergamot,Rose,Vanilla,Kuat,Lama,Semua Musim,Rp2.000.000,50ml
Y Eau Fraîche,Yves Saint Laurent,EDT,Aromatic Fougere,Lemon,Geranium,Cedar,Sedang,Sedang,Musim Panas,Rp1.600.000,100ml
Nomade Absolu,Chloé,EDP,Chypre Floral,Mirabelle,Jasmine,Oak Moss,Kuat,Lama,Musim Gugur,Rp2.100.000,75ml
Stronger With You Intensely,Emporio Armani,EDP,Oriental Spicy,Pink Pepper,Vanilla,Suede,Kuat,Lama,Musim Dingin,Rp1.800.000,100ml
Mon Guerlain Intense,Guerlain,EDP,Oriental Woody,Lavender,Jasmine,Vanilla,Sangat Kuat,Sangat Lama,Malam Hari,Rp2.200.000,50ml
Acqua di Parma Sandalo,Acqua di Parma,EDP,Woody Spicy,Bergamot,Lavender,Sandalwood,Kuat,Lama,Musim Dingin,Rp2.500.000,100ml
Narciso Rodriguez Pure Musc,Narciso Rodriguez,EDP,Floral Woody Musk,Cashmeran,Jasmine,Musk,Kuat,Lama,Semua Musim,Rp1.900.000,50ml
Valentino Uomo Intense,Valentino,EDP,Oriental Leather,Mandarin,Iris,Leather,Kuat,Lama,Musim Dingin,Rp2.000.000,100ml
Coco Noir,Chanel,EDP,Oriental Floral,Grapefruit,Rose,Patchouli,Kuat,Lama,Malam Hari,Rp2.400.000,50ml
Armani Prive Rose d'Arabie,Giorgio Armani,EDP,Oriental Floral,Saffron,Rose,Patchouli,Sangat Kuat,Sangat Lama,Musim Dingin,Rp3.500.000,100ml
Gucci Bloom Ambrosia di Fiori,Gucci,EDP,Floral,Jasmine,Tuberose,Orris,Sangat Kuat,Sangat Lama,Musim Semi,Rp2.300.000,100ml
Dior Homme Parfum,Dior,Parfum,Woody Leather,Iris,Leather,Cedar,Sangat Kuat,Sangat Lama,Musim Dingin,Rp2.800.000,75ml
Mugler Angel Muse,Mugler,EDP,Oriental Gourmand,Grapefruit,Hazelnut Cream,Vetiver,Kuat,Lama,Musim Dingin,Rp2.000.000,50ml
Versace Dylan Blue Pour Femme,Versace,EDP,Floral Fruity,Blackcurrant,Jasmine,Patchouli,Kuat,Lama,Semua Musim,Rp1.800.000,100ml
Creed Aventus Cologne,Creed,EDC,Fruity Woody,Ginger,Pineapple,Birch,Kuat,Lama,Musim Panas,Rp5.500.000,100ml
Maison Margiela Jazz Club,Maison Margiela,EDT,Oriental Woody,Rum,Vanilla,Tobacco,Kuat,Lama,Malam Hari,Rp2.200.000,100ml
Byredo Gypsy Water,Byredo,EDP,Woody Aromatic,Bergamot,Incense,Vanilla,Sedang,Sedang,Semua Musim,Rp3.000.000,50ml
Kilian Angels' Share,Kilian,EDP,Oriental Vanilla,Cognac,Cinnamon,Oak,Sangat Kuat,Sangat Lama,Musim Dingin,Rp4.500.000,50ml
Frederic Malle Portrait of a Lady,Frederic Malle,EDP,Oriental Floral,Rose,Patchouli,Incense,Sangat Kuat,Sangat Lama,Musim Dingin,Rp5.000.000,100ml
Jo Malone Wood Sage & Sea Salt,Jo Malone,EDC,Woody Aromatic,Ambrette Seeds,Sea Salt,Sage,Ringan,Pendek,Musim Panas,Rp2.000.000,100ml
Diptyque Do Son,Diptyque,EDT,Floral,Tuberose,Orange Leaves,Musk,Sedang,Sedang,Musim Semi,Rp2.500.000,100ml
Serge Lutens La Fille de Berlin,Serge Lutens,EDP,Floral Woody,Rose,Violet,Musk,Kuat,Lama,Musim Semi,Rp3.200.000,50ml
Amouage Reflection Man,Amouage,EDP,Woody Floral Musk,Rosemary,Jasmine,Sandalwood,Sangat Kuat,Sangat Lama,Semua Musim,Rp4.000.000,100ml
Parfums de Marly Delina,Parfums de Marly,EDP,Floral Fruity,Lychee,Turkish Rose,Vanilla,Kuat,Lama,Musim Semi,Rp3.800.000,75ml
Xerjoff Naxos,Xerjoff,EDP,Oriental Vanilla,Lavender,Tobacco,Honey,Sangat Kuat,Sangat Lama,Musim Dingin,Rp4.500.000,100ml
Penhaligon's The Tragedy of Lord George,Penhaligon's,EDP,Woody Aromatic,Brandy,Shaving Soap,Tonka Bean,Kuat,Lama,Musim Dingin,Rp3.500.000,75ml
Memo Paris Irish Leather,Memo Paris,EDP,Leather,Juniper,Mate,Leather,Kuat,Lama,Musim Gugur,Rp3.800.000,75ml
Juliette Has a Gun Not a Perfume,Juliette Has a Gun,EDP,Woody Musk,Ambroxan,,,Sedang,Lama,Semua Musim,Rp2.200.000,100ml
Atelier Cologne Orange Sanguine,Atelier Cologne,EDC,Citrus Aromatic,Blood Orange,Jasmine,Sandalwood,Sedang,Sedang,Musim Panas,Rp2.500.000,100ml
Tiziana Terenzi Kirke,Tiziana Terenzi,EDP,Floral Fruity,Passion Fruit,Jasmine,White Musk,Kuat,Lama,Musim Panas,Rp3.200.000,100ml
Mancera Cedrat Boise,Mancera,EDP,Woody Aromatic,Lemon,Patchouli,Cedar,Kuat,Lama,Semua Musim,Rp2.800.000,120ml
Nasomatto Black Afgano,Nasomatto,Extrait de Parfum,Woody Aromatic,Cannabis,Coffee,Incense,Sangat Kuat,Sangat Lama,Musim Dingin,Rp3.500.000,30ml
Roja Dove Elysium,Roja Dove,Parfum Cologne,Citrus Aromatic,Lemon,Vetiver,Ambergris,Kuat,Lama,Musim Panas,Rp5.500.000,100ml
Initio Oud for Greatness,Initio,EDP,Oriental Woody,Saffron,Oud,Nutmeg,Sangat Kuat,Sangat Lama,Musim Dingin,Rp4.200.000,90ml
Maison Francis Kurkdjian Baccarat Rouge 540,Maison Francis Kurkdjian,EDP,Oriental Floral,Saffron,Jasmine,Cedar,Sangat Kuat,Sangat Lama,Semua Musim,Rp5.000.000,70ml
Le Labo Santal 33,Le Labo,EDP,Woody Aromatic,Cardamom,Iris,Sandalwood,Kuat,Lama,Semua Musim,Rp3.800.000,100ml
Zoologist Tyrannosaurus Rex,Zoologist,EDP,Woody Spicy,Black Pepper,Frankincense,Leather,Sangat Kuat,Sangat Lama,Musim Dingin,Rp3.500.000,60ml
Nishane Hacivat,Nishane,EDP,Woody Fruity,Pineapple,Cedar,Patchouli,Kuat,Lama,Semua Musim,Rp3.200.000,100ml
Vilhelm Parfumerie Morning Chess,Vilhelm Parfumerie,EDP,Leather Woody,Bergamot,Leather,Patchouli,Kuat,Lama,Musim Gugur,Rp3.000.000,100ml
Eight & Bob Original,Eight & Bob,EDP,Woody Spicy,Cardamom,Lemon,Cedar,Sedang,Sedang,Semua Musim,Rp2.800.000,100ml
Acqua di Parma Blu Mediterraneo Fico di Amalfi,Acqua di Parma,EDT,Fruity Aromatic,Fig,Lemon,Cedar,Sedang,Sedang,Musim Panas,Rp1.800.000,150ml
Histoires de Parfums 1899 Hemingway,Histoires de Parfums,EDP,Spicy Oriental,Juniper,Vanilla,Vetiver,Kuat,Lama,Musim Dingin,Rp2.500.000,60ml
Montale Intense Cafe,Montale,EDP,Oriental Vanilla,Coffee,Rose,Vanilla,Sangat Kuat,Sangat Lama,Musim Dingin,Rp2.200.000,100ml
Etat Libre d'Orange You or Someone Like You,Etat Libre d'Orange,EDP,Aromatic Green,Mint,Rose,Musk,Sedang,Sedang,Musim Panas,Rp2.000.000,100ml
Profumum Roma Acqua di Sale,Profumum Roma,EDP,Aquatic Aromatic,Sea Salt,Cedar,Incense,Kuat,Lama,Musim Panas,Rp3.800.000,100ml
Amouage Interlude Man,Amouage,EDP,Oriental Woody,Oregano,Incense,Leather,Sangat Kuat,Sangat Lama,Musim Dingin,Rp4.500.000,100ml
Parfums de Marly Layton,Parfums de Marly,EDP,Oriental Woody,Apple,Jasmine,Vanilla,Kuat,Lama,Musim Dingin,Rp3.500.000,125ml
Xerjoff Nio,Xerjoff,EDP,Citrus Aromatic,Bergamot,Neroli,Cedar,Kuat,Lama,Musim Panas,Rp5.000.000,50ml
Creed Viking,Creed,EDP,Aromatic Fougere,Pink Pepper,Rose,Sandalwood,Kuat,Lama,Musim Dingin,Rp5.200.000,100ml
Maison Margiela By the Fireplace,Maison Margiela,EDT,Woody Spicy,Pink Pepper,Chestnut,Vanilla,Kuat,Lama,Musim Dingin,Rp2.200.000,100ml
Byredo Mojave Ghost,Byredo,EDP,Woody Floral Musk,Ambrette,Magnolia,Sandalwood,Sedang,Sedang,Semua Musim,Rp3.000.000,50ml
Kilian Black Phantom,Kilian,EDP,Oriental Gourmand,Rum,Coffee,Caramel,Sangat Kuat,Sangat Lama,Musim Dingin,Rp4.800.000,50ml
Frederic Malle Musc Ravageur,Frederic Malle,EDP,Oriental Spicy,Lavender,Cinnamon,Vanilla,Sangat Kuat,Sangat Lama,Musim Dingin,Rp5.500.000,100ml
Jo Malone English Pear & Freesia,Jo Malone,EDC,Fruity Floral,Pear,Freesia,Patchouli,Ringan,Pendek,Musim Semi,Rp2.000.000,100ml
Diptyque Philosykos,Diptyque,EDT,Woody Aromatic,Fig Leaf,Coconut,Cedar,Sedang,Sedang,Musim Panas,Rp2.500.000,100ml
Serge Lutens Chergui,Serge Lutens,EDP,Oriental Spicy,Honey,Musk,Tobacco,Kuat,Lama,Musim Dingin,Rp3.200.000,50ml
Amouage Lyric Woman,Amouage,EDP,Oriental Floral,Rose,Frankincense,Vanilla,Sangat Kuat,Sangat Lama,Musim Dingin,Rp4.200.000,100ml
Parfums de Marly Pegasus,Parfums de Marly,EDP,Oriental Fougere,Almond,Lavender,Vanilla,Kuat,Lama,Musim Dingin,Rp3.800.000,125ml
Xerjoff Lira,Xerjoff,EDP,Oriental Vanilla,Blood Orange,Jasmine,Caramel,Sangat Kuat,Sangat Lama,Musim Dingin,Rp5.500.000,100ml
Penhaligon's Halfeti,Penhaligon's,EDP,Woody Floral Musk,Grapefruit,Rose,Oud,Kuat,Lama,Musim Dingin,Rp3.500.000,100ml
Memo Paris Marfa,Memo Paris,EDP,Woody Aromatic,Orange Blossom,Tuberose,Sandalwood,Kuat,Lama,Musim Panas,Rp3.800.000,75ml
Juliette Has a Gun Lady Vengeance,Juliette Has a Gun,EDP,Chypre Floral,Rose,Patchouli,Vanilla,Kuat,Lama,Semua Musim,Rp2.200.000,100ml
Atelier Cologne Vanille Insensée,Atelier Cologne,EDC,Oriental Woody,Lime,Jasmine,Vanilla,Kuat,Lama,Musim Dingin,Rp2.500.000,100ml
Tiziana Terenzi Orion,Tiziana Terenzi,EDP,Oriental Woody,Bergamot,Jasmine,Oud,Sangat Kuat,Sangat Lama,Musim Dingin,Rp3.500.000,100ml
Mancera Roses Vanille,Mancera,EDP,Oriental Vanilla,Rose,Vanilla,Cedar,Kuat,Lama,Musim Dingin,Rp2.800.000,120ml
Nasomatto Pardon,Nasomatto,Extrait de Parfum,Oriental Woody,Oud,Magnolia,Dark Chocolate,Sangat Kuat,Sangat Lama,Musim Dingin,Rp3.500.000,30ml
Roja Dove Enigma,Roja Dove,Parfum,Oriental Fougere,Bergamot,Geranium,Tobacco,Sangat Kuat,Sangat Lama,Musim Dingin,Rp6.000.000,50ml
Initio Side Effect,Initio,EDP,Oriental Vanilla,Tobacco,Rum,Vanilla,Sangat Kuat,Sangat Lama,Musim Dingin,Rp4.200.000,90ml
Maison Francis Kurkdjian Grand Soir,Maison Francis Kurkdjian,EDP,Oriental Vanilla,Benzoin,Amber,Vanilla,Sangat Kuat,Sangat Lama,Musim Dingin,Rp5.000.000,70ml
Le Labo Another 13,Le Labo,EDP,Woody Musk,Ambroxan,Jasmine,Moss,Kuat,Lama,Semua Musim,Rp3.800.000,100ml
Zoologist Bat,Zoologist,EDP,Fruity Earthy,Banana,Soil Tincture,Leather,Kuat,Lama,Malam Hari,Rp3.500.000,60ml
Nishane Ani,Nishane,EDP,Oriental Vanilla,Bergamot,Green Notes,Vanilla,Sangat Kuat,Sangat Lama,Musim Dingin,Rp3.200.000,100ml
Vilhelm Parfumerie Poets of Berlin,Vilhelm Parfumerie,EDP,Oriental Vanilla,Lemon,Blueberry,Vanilla,Kuat,Lama,Musim Dingin,Rp3.000.000,100ml
Eight & Bob Egypt,Eight & Bob,EDP,Woody Spicy,Lavender,Moss,Leather,Kuat,Lama,Musim Gugur,Rp2.800.000,100ml
Acqua di Parma Colonia Essenza,Acqua di Parma,EDC,Citrus Aromatic,Grapefruit,Neroli,White Musk,Sedang,Sedang,Musim Panas,Rp2.000.000,100ml
Histoires de Parfums This Is Not A Blue Bottle 1.1,Histoires de Parfums,EDP,Woody Aromatic,Aldehydes,Incense,Amber,Kuat,Lama,Semua Musim,Rp2.500.000,60ml
Montale Honey Aoud,Montale,EDP,Oriental Woody,Honey,Oud,Patchouli,Sangat Kuat,Sangat Lama,Musim Dingin,Rp2.200.000,100ml
Etat Libre d'Orange Fat Electrician,Etat Libre d'Orange,EDP,Woody Aromatic,Vetiver,Chestnut,Vanilla,Kuat,Lama,Musim Gugur,Rp2.000.000,100ml
Profumum Roma Acqua Viva,Profumum Roma,EDP,Citrus Aromatic,Lemon,Cedar,Musk,Kuat,Lama,Musim Panas,Rp3.800.000,100ml
Amouage Epic Woman,Amouage,EDP,Oriental Spicy,Cumin,Rose,Frankincense,Sangat Kuat,Sangat Lama,Musim Dingin,Rp4.500.000,100ml
Parfums de Marly Herod,Parfums de Marly,EDP,Oriental Spicy,Cinnamon,Incense,Vanilla,Kuat,Lama,Musim Dingin,Rp3.800.000,125ml
Xerjoff Erba Pura,Xerjoff,EDP,Fruity,Lemon,Orange Blossom,White Musk,Kuat,Lama,Musim Panas,Rp4.800.000,100ml
Penhaligon's Endymion,Penhaligon's,EDC,Oriental Fougere,Bergamot,Lavender,Leather,Sedang,Sedang,Semua Musim,Rp2.800.000,100ml
Memo Paris Winter Palace,Memo Paris,EDP,Oriental Woody,Orange,Mate,Styrax,Kuat,Lama,Musim Dingin,Rp4.000.000,75ml
Juliette Has a Gun Moscow Mule,Juliette Has a Gun,EDP,Woody Spicy,Bergamot,Ginger,Amber,Kuat,Lama,Musim Panas,Rp2.400.000,100ml
Atelier Cologne Clementine California,Atelier Cologne,EDC,Citrus Aromatic,Clementine,Juniper Berries,Sandalwood,Sedang,Sedang,Musim Panas,Rp2.600.000,100ml
Tiziana Terenzi Ursa,Tiziana Terenzi,EDP,Oriental Woody,Saffron,Rose,Oud,Sangat Kuat,Sangat Lama,Musim Dingin,Rp3.800.000,100ml
Mancera Wild Python,Mancera,EDP,Leather,Violet,Leather,Amber,Kuat,Lama,Musim Gugur,Rp2.900.000,120ml
Nasomatto Baraonda,Nasomatto,Extrait de Parfum,Woody Aromatic,Whiskey,Rose,Ambergris,Sangat Kuat,Sangat Lama,Musim Dingin,Rp3.700.000,30ml
Roja Dove Sweetie Aoud,Roja Dove,Parfum,Oriental Gourmand,Bergamot,Rose,Oud,Sangat Kuat,Sangat Lama,Musim Dingin,Rp7.000.000,50ml
Initio Rehab,Initio,EDP,Woody Aromatic,Bergamot,Lavender,Vanilla,Kuat,Lama,Semua Musim,Rp4.300.000,90ml
Maison Francis Kurkdjian Oud Satin Mood,Maison Francis Kurkdjian,EDP,Oriental Woody,Bulgarian Rose,Violet,Oud,Sangat Kuat,Sangat Lama,Musim Dingin,Rp5.500.000,70ml
Le Labo Thé Noir 29,Le Labo,EDP,Woody Aromatic,Bergamot,Fig,Cedar,Kuat,Lama,Musim Gugur,Rp4.000.000,100ml
Zoologist Squid,Zoologist,EDP,Aquatic Aromatic,Pink Pepper,Incense,Ambergris,Kuat,Lama,Musim Panas,Rp3.700.000,60ml
Nishane Fan Your Flames,Nishane,EDP,Oriental Spicy,Rum,Coconut,Tobacco,Sangat Kuat,Sangat Lama,Musim Dingin,Rp3.400.000,50ml
Vilhelm Parfumerie Dear Polly,Vilhelm Parfumerie,EDP,Aromatic Fruity,Apple,Black Tea,Oak Moss,Sedang,Sedang,Musim Gugur,Rp3.200.000,100ml
Eight & Bob Nuit de Megève,Eight & Bob,EDP,Woody Aromatic,Grapefruit,Petitgrain,Tonka Bean,Kuat,Lama,Musim Dingin,Rp3.000.000,100ml
Acqua di Parma Oud & Spice,Acqua di Parma,EDP,Woody Spicy,Agarwood,Incense,Sandalwood,Kuat,Lama,Musim Dingin,Rp3.200.000,100ml
